name	id	used_in_recipes
Peel	/m/036bfw	Country Sourdough Bread
Bread machine	/m/045dkn	
Artis the Spoonman	/m/06j5dn	
Kitchen knife	/m/058qzx	Quick Greek style lamb
Frying pan	/m/04v6l4	Quick Greek style lamb
Waffle iron	/m/04z4wx	
Caddy spoon	/m/026qc39	
Food storage container	/m/05p0tsj	Quick Greek style lamb
Iced tea spoon	/m/07m_n0	
Salt spoon	/m/02w1fpw	
Spoon	/m/02w0y2n	
Sheet pan	/m/026dxsr	Chocolate Chip Cookies
Ramekin	/m/08j08x	
Grill	/m/01r24t	
Bar spoon	/m/0g9vbb	
Cast iron cookware	/m/08zvsh	Braised Brussels Sprouts with Bacon
Meat thermometer	/m/09gckk	
Casserole	/m/039jpz	
Burr mill	/m/05lvsg	
Churrasco Knife	/m/0jspkb5	
Spider	/m/03y0bcs	
Can opener	/m/02mqfb	
Pastry brush	/m/027cm5w	
Freezer	/m/02zcbn	
Blender	/m/02pjr4	
Measuring spoon	/m/0bq3k2	
Non-stick pan	/m/05s_4bn	
Dutch oven	/m/01xnc_	Braised Shortribs,Baked Risotto with Asparagus, Spinach, and Sausage,Arroz con pollo
Cauldron	/m/01l7w1	
Milk watcher	/m/05h3pz5	
Splade	/m/05y7yg	
Cookie cutter	/m/02w92r	
Stand Mixer	/m/077892m	Chocolate Chip Cookies,Country Sourdough Bread
Scoop	/m/0f_10p	
Ladle	/m/027rl48	Thad's Gumbo Recipe
Souvenir spoon	/m/02w0ymv	
Wooden spoon	/m/051lk3	Cajun Roux,Roux
Whisk	/m/02vwcm	
Cheesecloth	/m/02k702	
Egg timer	/m/05brvk	
Tongs	/m/01_jsv	
Mated colander pot	/m/0czsxt	
Measuring cup	/m/07v9_z	
Spoonman	/m/04263m	
Toaster	/m/01k6s3	
Oven glove	/m/0czwx7	
Cutting board	/m/02pdsw	Quick Greek style lamb
Scraper	/m/03hj515	
Knife	/m/04ctx	
Toaster oven	/m/045kc6	
French sauce spoon	/m/0414wgd	
Spatula	/m/02d1br	
Skewer	/m/01kfp5	
Food processor	/m/03y6mg	
Lemon reamer	/m/02wyz_5	
Oven	/m/029bxz	
Spork	/m/01ksy6	
Silver spoon	/m/081fc8	
Tablespoon	/m/07n1g	
Colander	/m/039jxp	
Tamis	/m/02p9s66	
Scissors	/m/01lsmm	
Mortar and pestle	/m/01v0db	
Sugar spoon	/m/0fdd0n	
Microwave oven	/m/0fx9l	
Trivet	/m/03hjr1	
Bain-marie	/m/01kv2	
Lemon squeezer	/m/03y0clh	
Lemon zester	/m/0d3sm6	
Egg spoon	/m/03by7fm	
Rolling pin	/m/058r9z	
Mandoline	/m/020l_5	
Potato masher	/m/02vz4w	
Tomato knife	/m/02rwygv	
Cheese slicer	/m/05ktd9	
Garlic press	/m/01rk8n	
Lusikka-haarukka	/m/04167l4	
Rice cooker	/m/020ytc	
Fork	/m/0dt3t	
Griddle	/m/025s9jg	
Muddling spoon	/m/03ydtb0	
Frying Basket	/m/07vqf84	Fettuccine Alfredo,Braised Brussels Sprouts with Bacon
Dough blender	/m/05h5bx0	
Love spoon	/m/064dx8	
Soup spoon	/m/037199	
Chef's knife	/m/058r4f	Spicy Orange and Ginger Chicken
Pizza stone	/m/0dlsr0	Country Sourdough Bread
Food mill	/m/09jy7m	
Refrigerator	/m/040b_t	
Pastry bag	/m/069xyp	
Stock Pot	/m/07cr7j1	Thad's Gumbo Recipe
Wok	/m/084rd	Spicy Orange and Ginger Chicken
Pizza cutter	/m/08ks85	
Mixer	/m/063rgb	Apple Blackberry Sponge Pudding
Silpat	/m/09k248	Chocolate Chip Cookies
Bakers couche	/m/0778929	Country Sourdough Bread
Peeler	/m/024d1z	
Parchment paper	/m/05zt05c	Chocolate Chip Cookies
Juicer	/m/01prn0	Spicy Orange and Ginger Chicken
Banneton	/m/0fqlq2	Country Sourdough Bread
Cooker	/m/02wv746	
Slow cooker	/m/02tsc9	
Runcible spoon	/m/01ryyd	
Bench scraper	/m/06f5ql	
Chinoise	/m/06f1q1	
Candy thermometer	/m/06f00q	
Stainless Steel Bowl	/m/0gwrppw	Alex's Scratch Brownies
Potato ricer	/m/069y6r	
Teaspoon	/m/07n10	
Mixing bowl	/m/03hj559	
Slotted spoon	/m/099lxx	
Espresso machine	/m/01vk_m	
Apostle spoon	/m/05fk2x	
9"X12" pan	/m/0gwsk9w	Mom's Gingerbread Re-invented
Electric stove	/m/02wv855	
Weighing scale	/m/03txqz	
Double boiler	/m/04jpfqp	
Grapefruit spoon	/m/07_8rs	
Cocaine spoon	/m/0clj_l	
Dessert spoon	/m/04k0rf	
Grater	/m/03g0cw	
Tin foil	/m/03hfvkp	
Melon ball	/m/03y033h	
Spoon	/m/0cmx8	
Lam√©	/m/0fq2_c	Country Sourdough Bread
Egg slicer	/m/05fw3b	
Nutcracker	/m/05hvt	
Spife	/m/06_n3g	
Muffin tin	/m/0bftd_	
Cast iron skillet	/m/0779gn3	Cajun Roux,Roux,Roast Chicken,Country Sourdough Bread
Molcajete	/m/07b4vw	
